﻿<?xml version="1.0" encoding="utf-8"?>
<Feature xmlns="http://schemas.microsoft.com/sharepoint/" Description="SharePoint Add-in Feature" Id="9c21001d-9191-42c0-9bf8-c806dee85672" Scope="Web" Title="EquipExco Feature1" Version="1.3.2.0">
  <ElementManifests>
    <ElementManifest Location="Pages\Elements.xml" />
    <ElementFile Location="Pages\Default.aspx" />
    <ElementFile Location="Pages\Add.aspx" />
    <ElementFile Location="Pages\view.aspx" />
    <ElementFile Location="Pages\Reports.aspx" />
    <ElementManifest Location="Scripts\Elements.xml" />
    <ElementFile Location="Scripts\App.js" />
    <ElementFile Location="Scripts\jquery-1.9.1.min.map" />
    <ElementFile Location="Scripts\jquery-1.9.1.min.js" />
    <ElementFile Location="Scripts\jquery-1.9.1.js" />
    <ElementFile Location="Scripts\jquery-1.9.1.intellisense.js" />
    <ElementFile Location="Scripts\gijgo.min.js" />
    <ElementFile Location="Scripts\Add.js" />
    <ElementFile Location="Scripts\view.js" />
    <ElementFile Location="Scripts\reports.js" />
    <ElementFile Location="Scripts\jquery.wordexport.js" />
    <ElementFile Location="Scripts\FileSaver.js" />
    <ElementManifest Location="Content\Elements.xml" />
    <ElementFile Location="Content\App.css" />
    <ElementFile Location="Content\gijgo.min.css" />
    <ElementManifest Location="Images\Elements.xml" />
    <ElementFile Location="Images\AppIcon.png" />
    <ElementManifest Location="Reports_PartnersInstance\Elements.xml" />
    <ElementManifest Location="Reports_Partners\Elements.xml" />
    <ElementFile Location="Reports_Partners\Schema.xml" />
  </ElementManifests>
  <UpgradeActions>
    <VersionRange>
      <ApplyElementManifests>
        <ElementManifest Location="Pages\Elements.xml" />
        <ElementManifest Location="Scripts\Elements.xml" />
        <ElementManifest Location="Content\Elements.xml" />
        <ElementManifest Location="Images\Elements.xml" />
        <ElementManifest Location="Reports_PartnersInstance\Elements.xml" />
        <ElementManifest Location="Reports_Partners\Elements.xml" />
      </ApplyElementManifests>
    </VersionRange>
  </UpgradeActions>
</Feature>
