﻿<?xml version="1.0" encoding="utf-8"?>
<!--Published:70EDFC97-B41D-43C5-B751-7C00AD999804-->
<!--Created:cb85b80c-f585-40ff-8bfc-12ff4d0e34a9-->
<App xmlns="http://schemas.microsoft.com/sharepoint/2012/app/manifest" Name="EquipExco" ProductID="{a1fc048d-3b7c-4976-abbd-8417dfe019b5}" Version="1.3.2.0" SharePointMinVersion="16.0.0.0">
  <Properties>
    <Title>EquipExco</Title>
    <StartPage>~appWebUrl/Pages/Default.aspx?{StandardTokens}</StartPage>
  </Properties>
  <AppPrincipal>
    <Internal />
  </AppPrincipal>
  <AppPermissionRequests>
    <AppPermissionRequest Scope="http://sharepoint/content/sitecollection/web" Right="FullControl" />
    <AppPermissionRequest Scope="http://sharepoint/content/sitecollection" Right="Read" />
  </AppPermissionRequests>
</App>