﻿<?xml version="1.0" encoding="utf-8"?>
<Feature xmlns="http://schemas.microsoft.com/sharepoint/" Id="0d1c459c-57df-4814-984e-6f831d088f7c" Scope="Web" Title="EquipExco Feature2" Version="1.3.2.0">
  <ElementManifests>
    <ElementManifest Location="Reports_Countries\Elements.xml" />
    <ElementFile Location="Reports_Countries\Schema.xml" />
    <ElementManifest Location="Reports_CountriesInstance\Elements.xml" />
  </ElementManifests>
  <UpgradeActions>
    <VersionRange>
      <ApplyElementManifests>
        <ElementManifest Location="Reports_Countries\Elements.xml" />
        <ElementManifest Location="Reports_CountriesInstance\Elements.xml" />
      </ApplyElementManifests>
    </VersionRange>
  </UpgradeActions>
</Feature>
